Driver,LapTime,Compound,TyreLife,Position
VER,84.238,MEDIUM,1.0,1.0
VER,79.367,MEDIUM,2.0,1.0
VER,79.074,MEDIUM,3.0,1.0
VER,78.129,MEDIUM,4.0,1.0
VER,78.019,MEDIUM,5.0,1.0
VER,77.64,MEDIUM,6.0,1.0
VER,77.633,MEDIUM,7.0,1.0
VER,77.397,MEDIUM,8.0,1.0
VER,77.031,MEDIUM,9.0,1.0
VER,77.084,MEDIUM,10.0,1.0
VER,76.858,MEDIUM,11.0,1.0
VER,76.993,MEDIUM,12.0,1.0
VER,77.434,MEDIUM,13.0,1.0
VER,77.065,MEDIUM,14.0,1.0
VER,77.079,MEDIUM,15.0,1.0
VER,76.824,MEDIUM,16.0,1.0
VER,76.86,MEDIUM,17.0,1.0
VER,76.712,MEDIUM,18.0,1.0
VER,76.823,MEDIUM,19.0,1.0
VER,77.214,MEDIUM,20.0,1.0
VER,76.803,MEDIUM,21.0,1.0
VER,76.659,MEDIUM,22.0,1.0
VER,76.604,MEDIUM,23.0,1.0
VER,76.798,MEDIUM,24.0,1.0
VER,77.183,MEDIUM,25.0,1.0
VER,77.212,MEDIUM,26.0,1.0
VER,77.259,MEDIUM,27.0,1.0
VER,77.77,MEDIUM,28.0,1.0
VER,78.001,MEDIUM,29.0,1.0
VER,78.16,MEDIUM,30.0,1.0
VER,78.741,MEDIUM,31.0,1.0
VER,78.816,MEDIUM,32.0,1.0
VER,78.946,MEDIUM,33.0,1.0
VER,78.044,MEDIUM,34.0,1.0
VER,78.024,MEDIUM,35.0,1.0
VER,77.974,MEDIUM,36.0,1.0
VER,77.273,MEDIUM,37.0,1.0
VER,77.122,MEDIUM,38.0,1.0
VER,76.966,MEDIUM,39.0,1.0
VER,77.161,MEDIUM,40.0,1.0
VER,76.944,MEDIUM,41.0,1.0
VER,76.8,MEDIUM,42.0,1.0
VER,76.963,MEDIUM,43.0,1.0
VER,76.722,MEDIUM,44.0,1.0
VER,76.701,MEDIUM,45.0,1.0
VER,77.075,MEDIUM,46.0,1.0
VER,77.16,MEDIUM,47.0,1.0
VER,77.065,MEDIUM,48.0,1.0
VER,77.428,MEDIUM,49.0,1.0
VER,77.314,MEDIUM,50.0,1.0
VER,77.427,MEDIUM,51.0,1.0
VER,84.046,MEDIUM,52.0,1.0
VER,89.919,MEDIUM,53.0,1.0
VER,98.946,MEDIUM,54.0,1.0
VER,130.567,MEDIUM,55.0,1.0
VER,106.131,INTERMEDIATE,1.0,1.0
VER,103.464,INTERMEDIATE,2.0,1.0
VER,102.808,INTERMEDIATE,3.0,1.0
VER,103.791,INTERMEDIATE,4.0,1.0
VER,101.54,INTERMEDIATE,5.0,1.0
VER,100.797,INTERMEDIATE,6.0,1.0
VER,99.272,INTERMEDIATE,7.0,1.0
VER,99.61,INTERMEDIATE,8.0,1.0
VER,98.364,INTERMEDIATE,9.0,1.0
VER,97.16,INTERMEDIATE,10.0,1.0
VER,94.035,INTERMEDIATE,11.0,1.0
VER,92.921,INTERMEDIATE,12.0,1.0
VER,93.659,INTERMEDIATE,13.0,1.0
VER,91.607,INTERMEDIATE,14.0,1.0
VER,91.244,INTERMEDIATE,15.0,1.0
VER,90.363,INTERMEDIATE,16.0,1.0
VER,90.402,INTERMEDIATE,17.0,1.0
VER,88.386,INTERMEDIATE,18.0,1.0
VER,86.864,INTERMEDIATE,19.0,1.0
VER,85.518,INTERMEDIATE,20.0,1.0
VER,85.316,INTERMEDIATE,21.0,1.0
VER,85.46,INTERMEDIATE,22.0,1.0
VER,85.201,INTERMEDIATE,23.0,1.0
GAS,89.701,HARD,1.0,7.0
GAS,80.636,HARD,2.0,7.0
GAS,80.282,HARD,3.0,7.0
GAS,79.577,HARD,4.0,7.0
GAS,78.893,HARD,5.0,7.0
GAS,78.842,HARD,6.0,7.0
GAS,78.604,HARD,7.0,7.0
GAS,79.317,HARD,8.0,7.0
GAS,78.788,HARD,9.0,7.0
GAS,78.31,HARD,10.0,7.0
GAS,78.367,HARD,11.0,7.0
GAS,78.582,HARD,12.0,7.0
GAS,77.713,HARD,13.0,7.0
GAS,78.564,HARD,14.0,7.0
GAS,78.284,HARD,15.0,7.0
GAS,78.298,HARD,16.0,7.0
GAS,77.99,HARD,17.0,7.0
GAS,78.453,HARD,18.0,7.0
GAS,78.109,HARD,19.0,7.0
GAS,78.587,HARD,20.0,7.0
GAS,77.81,HARD,21.0,7.0
GAS,78.213,HARD,22.0,7.0
GAS,77.942,HARD,23.0,7.0
GAS,77.577,HARD,24.0,7.0
GAS,77.54,HARD,25.0,7.0
GAS,77.912,HARD,26.0,7.0
GAS,78.012,HARD,27.0,7.0
GAS,77.285,HARD,28.0,7.0
GAS,77.373,HARD,29.0,7.0
GAS,77.083,HARD,30.0,7.0
GAS,78.015,HARD,31.0,6.0
GAS,77.384,HARD,32.0,5.0
GAS,77.45,HARD,33.0,4.0
GAS,77.207,HARD,34.0,4.0
GAS,77.421,HARD,35.0,4.0
GAS,77.668,HARD,36.0,4.0
GAS,77.212,HARD,37.0,4.0
GAS,77.556,HARD,38.0,4.0
GAS,77.102,HARD,39.0,4.0
GAS,77.221,HARD,40.0,4.0
GAS,77.654,HARD,41.0,4.0
GAS,78.559,HARD,42.0,4.0
GAS,77.699,HARD,43.0,4.0
GAS,78.042,HARD,44.0,3.0
GAS,76.839,HARD,45.0,3.0
GAS,76.997,HARD,46.0,3.0
GAS,93.267,HARD,47.0,7.0
GAS,79.884,MEDIUM,1.0,8.0
GAS,75.831,MEDIUM,2.0,8.0
GAS,75.955,MEDIUM,3.0,8.0
GAS,76.711,MEDIUM,4.0,8.0
GAS,82.349,MEDIUM,5.0,8.0
GAS,95.781,MEDIUM,6.0,8.0
GAS,121.097,MEDIUM,7.0,8.0
GAS,103.22,INTERMEDIATE,1.0,7.0
GAS,101.478,INTERMEDIATE,2.0,7.0
GAS,103.496,INTERMEDIATE,3.0,7.0
GAS,103.238,INTERMEDIATE,4.0,7.0
GAS,103.477,INTERMEDIATE,5.0,7.0
GAS,102.923,INTERMEDIATE,6.0,7.0
GAS,102.263,INTERMEDIATE,7.0,7.0
GAS,100.864,INTERMEDIATE,8.0,7.0
GAS,100.28,INTERMEDIATE,9.0,7.0
GAS,99.374,INTERMEDIATE,10.0,7.0
GAS,98.169,INTERMEDIATE,11.0,7.0
GAS,96.252,INTERMEDIATE,12.0,7.0
GAS,94.612,INTERMEDIATE,13.0,7.0
GAS,93.318,INTERMEDIATE,14.0,7.0
GAS,96.097,INTERMEDIATE,15.0,7.0
GAS,91.098,INTERMEDIATE,16.0,7.0
GAS,90.098,INTERMEDIATE,17.0,7.0
GAS,89.916,INTERMEDIATE,18.0,7.0
GAS,88.128,INTERMEDIATE,19.0,7.0
GAS,87.856,INTERMEDIATE,20.0,7.0
GAS,86.378,INTERMEDIATE,21.0,7.0
GAS,86.077,INTERMEDIATE,22.0,7.0
GAS,85.607,INTERMEDIATE,23.0,7.0
GAS,86.578,INTERMEDIATE,24.0,7.0
PER,118.19,MEDIUM,1.0,18.0
PER,79.704,HARD,1.0,18.0
PER,76.387,HARD,2.0,18.0
PER,76.535,HARD,3.0,18.0
PER,76.269,HARD,4.0,18.0
PER,76.458,HARD,5.0,18.0
PER,77.399,HARD,6.0,18.0
PER,77.937,HARD,7.0,18.0
PER,78.254,HARD,8.0,18.0
PER,79.787,HARD,9.0,18.0
PER,79.848,HARD,10.0,18.0
PER,80.433,HARD,11.0,18.0
PER,80.797,HARD,12.0,18.0
PER,80.283,HARD,13.0,18.0
PER,80.418,HARD,14.0,18.0
PER,80.487,HARD,15.0,18.0
PER,81.315,HARD,16.0,17.0
PER,78.092,HARD,17.0,16.0
PER,77.867,HARD,18.0,16.0
PER,77.979,HARD,19.0,16.0
PER,78.523,HARD,20.0,16.0
PER,78.803,HARD,21.0,16.0
PER,78.604,HARD,22.0,16.0
PER,78.624,HARD,23.0,16.0
PER,78.541,HARD,24.0,16.0
PER,79.877,HARD,25.0,16.0
PER,79.319,HARD,26.0,16.0
PER,79.611,HARD,27.0,16.0
PER,79.986,HARD,28.0,16.0
PER,80.771,HARD,29.0,16.0
PER,79.292,HARD,30.0,15.0
PER,79.607,HARD,31.0,15.0
PER,82.083,HARD,32.0,16.0
PER,106.451,HARD,33.0,19.0
PER,79.581,MEDIUM,2.0,19.0
PER,76.882,MEDIUM,3.0,19.0
PER,76.706,MEDIUM,4.0,19.0
PER,76.353,MEDIUM,5.0,19.0
PER,76.445,MEDIUM,6.0,19.0
PER,76.755,MEDIUM,7.0,19.0
PER,77.959,MEDIUM,8.0,19.0
PER,77.46,MEDIUM,9.0,19.0
PER,77.847,MEDIUM,10.0,19.0
PER,77.616,MEDIUM,11.0,19.0
PER,77.128,MEDIUM,12.0,19.0
PER,77.047,MEDIUM,13.0,19.0
PER,76.859,MEDIUM,14.0,19.0
PER,76.98,MEDIUM,15.0,19.0
PER,78.524,MEDIUM,16.0,19.0
PER,84.856,MEDIUM,17.0,19.0
PER,85.645,MEDIUM,18.0,17.0
PER,98.2,MEDIUM,19.0,15.0
PER,115.544,MEDIUM,20.0,19.0
PER,102.332,INTERMEDIATE,1.0,17.0
PER,100.446,INTERMEDIATE,2.0,17.0
PER,105.055,INTERMEDIATE,3.0,16.0
PER,125.839,INTERMEDIATE,4.0,17.0
PER,105.989,WET,1.0,17.0
PER,100.595,WET,2.0,16.0
PER,101.082,WET,3.0,16.0
PER,101.22,WET,4.0,16.0
PER,99.631,WET,5.0,16.0
PER,99.405,WET,6.0,16.0
PER,97.112,WET,7.0,16.0
PER,97.675,WET,8.0,16.0
PER,96.451,WET,9.0,16.0
PER,95.957,WET,10.0,16.0
PER,96.297,WET,11.0,16.0
PER,95.708,WET,12.0,16.0
PER,118.066,WET,13.0,17.0
PER,96.744,INTERMEDIATE,1.0,17.0
PER,89.537,INTERMEDIATE,2.0,17.0
PER,86.82,INTERMEDIATE,3.0,17.0
PER,85.704,INTERMEDIATE,4.0,17.0
PER,94.148,INTERMEDIATE,5.0,17.0
PER,90.273,INTERMEDIATE,6.0,17.0
ALO,85.527,HARD,2.0,2.0
ALO,79.646,HARD,3.0,2.0
ALO,79.113,HARD,4.0,2.0
ALO,78.776,HARD,5.0,2.0
ALO,77.939,HARD,6.0,2.0
ALO,77.952,HARD,7.0,2.0
ALO,77.505,HARD,8.0,2.0
ALO,77.391,HARD,9.0,2.0
ALO,77.783,HARD,10.0,2.0
ALO,77.324,HARD,11.0,2.0
ALO,77.249,HARD,12.0,2.0
ALO,77.588,HARD,13.0,2.0
ALO,78.443,HARD,14.0,2.0
ALO,77.508,HARD,15.0,2.0
ALO,77.444,HARD,16.0,2.0
ALO,77.17,HARD,17.0,2.0
ALO,77.699,HARD,18.0,2.0
ALO,77.528,HARD,19.0,2.0
ALO,77.258,HARD,20.0,2.0
ALO,77.13,HARD,21.0,2.0
ALO,77.664,HARD,22.0,2.0
ALO,77.947,HARD,23.0,2.0
ALO,77.272,HARD,24.0,2.0
ALO,77.285,HARD,25.0,2.0
ALO,77.182,HARD,26.0,2.0
ALO,77.141,HARD,27.0,2.0
ALO,77.228,HARD,28.0,2.0
ALO,77.562,HARD,29.0,2.0
ALO,77.111,HARD,30.0,2.0
ALO,76.965,HARD,31.0,2.0
ALO,77.259,HARD,32.0,2.0
ALO,77.637,HARD,33.0,2.0
ALO,77.816,HARD,34.0,2.0
ALO,79.297,HARD,35.0,2.0
ALO,78.634,HARD,36.0,2.0
ALO,77.876,HARD,37.0,2.0
ALO,77.974,HARD,38.0,2.0
ALO,77.141,HARD,39.0,2.0
ALO,77.705,HARD,40.0,2.0
ALO,77.63,HARD,41.0,2.0
ALO,77.016,HARD,42.0,2.0
ALO,76.719,HARD,43.0,2.0
ALO,76.674,HARD,44.0,2.0
ALO,76.919,HARD,45.0,2.0
ALO,76.862,HARD,46.0,2.0
ALO,77.114,HARD,47.0,2.0
ALO,77.108,HARD,48.0,2.0
ALO,76.931,HARD,49.0,2.0
ALO,76.992,HARD,50.0,2.0
ALO,77.408,HARD,51.0,2.0
ALO,79.991,HARD,52.0,2.0
ALO,84.967,HARD,53.0,2.0
ALO,90.862,HARD,54.0,2.0
ALO,110.311,HARD,55.0,2.0
ALO,126.635,MEDIUM,2.0,2.0
ALO,108.531,INTERMEDIATE,1.0,2.0
ALO,102.581,INTERMEDIATE,2.0,2.0
ALO,101.267,INTERMEDIATE,3.0,2.0
ALO,100.897,INTERMEDIATE,4.0,2.0
ALO,100.638,INTERMEDIATE,5.0,2.0
ALO,102.727,INTERMEDIATE,6.0,2.0
ALO,100.467,INTERMEDIATE,7.0,2.0
ALO,99.671,INTERMEDIATE,8.0,2.0
ALO,98.135,INTERMEDIATE,9.0,2.0
ALO,97.64,INTERMEDIATE,10.0,2.0
ALO,96.332,INTERMEDIATE,11.0,2.0
ALO,93.205,INTERMEDIATE,12.0,2.0
ALO,92.841,INTERMEDIATE,13.0,2.0
ALO,93.864,INTERMEDIATE,14.0,2.0
ALO,91.23,INTERMEDIATE,15.0,2.0
ALO,91.057,INTERMEDIATE,16.0,2.0
ALO,89.419,INTERMEDIATE,17.0,2.0
ALO,90.346,INTERMEDIATE,18.0,2.0
ALO,87.245,INTERMEDIATE,19.0,2.0
ALO,85.7,INTERMEDIATE,20.0,2.0
ALO,86.931,INTERMEDIATE,21.0,2.0
ALO,84.701,INTERMEDIATE,22.0,2.0
ALO,85.668,INTERMEDIATE,23.0,2.0
LEC,89.108,HARD,1.0,6.0
LEC,80.549,HARD,2.0,6.0
LEC,80.021,HARD,3.0,6.0
LEC,79.468,HARD,4.0,6.0
LEC,78.837,HARD,5.0,6.0
LEC,78.829,HARD,6.0,6.0
LEC,78.645,HARD,7.0,6.0
LEC,79.165,HARD,8.0,6.0
LEC,78.809,HARD,9.0,6.0
LEC,78.219,HARD,10.0,6.0
LEC,78.162,HARD,11.0,6.0
LEC,78.15,HARD,12.0,6.0
LEC,78.018,HARD,13.0,6.0
LEC,78.394,HARD,14.0,6.0
LEC,78.312,HARD,15.0,6.0
LEC,78.316,HARD,16.0,6.0
LEC,78.234,HARD,17.0,6.0
LEC,78.361,HARD,18.0,6.0
LEC,78.19,HARD,19.0,6.0
LEC,78.365,HARD,20.0,6.0
LEC,78.127,HARD,21.0,6.0
LEC,77.886,HARD,22.0,6.0
LEC,77.922,HARD,23.0,6.0
LEC,77.586,HARD,24.0,6.0
LEC,77.619,HARD,25.0,6.0
LEC,77.879,HARD,26.0,6.0
LEC,77.602,HARD,27.0,6.0
LEC,77.48,HARD,28.0,6.0
LEC,77.065,HARD,29.0,6.0
LEC,77.559,HARD,30.0,6.0
LEC,77.876,HARD,31.0,5.0
LEC,77.282,HARD,32.0,4.0
LEC,77.163,HARD,33.0,3.0
LEC,77.461,HARD,34.0,3.0
LEC,77.467,HARD,35.0,3.0
LEC,77.491,HARD,36.0,3.0
LEC,77.361,HARD,37.0,3.0
LEC,77.483,HARD,38.0,3.0
LEC,77.213,HARD,39.0,3.0
LEC,77.237,HARD,40.0,3.0
LEC,78.328,HARD,41.0,3.0
LEC,77.801,HARD,42.0,3.0
LEC,78.451,HARD,43.0,3.0
LEC,95.442,HARD,44.0,8.0
LEC,79.563,MEDIUM,1.0,8.0
LEC,75.773,MEDIUM,2.0,8.0
LEC,76.358,MEDIUM,3.0,8.0
LEC,76.971,MEDIUM,4.0,7.0
LEC,76.283,MEDIUM,5.0,7.0
LEC,75.956,MEDIUM,6.0,7.0
LEC,77.017,MEDIUM,7.0,7.0
LEC,83.243,MEDIUM,8.0,7.0
LEC,93.259,MEDIUM,9.0,7.0
LEC,95.725,MEDIUM,10.0,4.0
LEC,129.246,MEDIUM,11.0,6.0
LEC,103.008,INTERMEDIATE,1.0,6.0
LEC,103.373,INTERMEDIATE,2.0,6.0
LEC,103.473,INTERMEDIATE,3.0,6.0
LEC,102.305,INTERMEDIATE,4.0,6.0
LEC,102.852,INTERMEDIATE,5.0,6.0
LEC,102.262,INTERMEDIATE,6.0,6.0
LEC,101.144,INTERMEDIATE,7.0,6.0
LEC,100.396,INTERMEDIATE,8.0,6.0
LEC,99.223,INTERMEDIATE,9.0,6.0
LEC,98.481,INTERMEDIATE,10.0,6.0
LEC,95.05,INTERMEDIATE,11.0,6.0
LEC,94.515,INTERMEDIATE,12.0,6.0
LEC,93.903,INTERMEDIATE,13.0,6.0
LEC,95.087,INTERMEDIATE,14.0,6.0
LEC,92.309,INTERMEDIATE,15.0,6.0
LEC,90.198,INTERMEDIATE,16.0,6.0
LEC,88.677,INTERMEDIATE,17.0,6.0
LEC,89.177,INTERMEDIATE,18.0,6.0
LEC,87.848,INTERMEDIATE,19.0,6.0
LEC,86.923,INTERMEDIATE,20.0,6.0
LEC,86.435,INTERMEDIATE,21.0,6.0
LEC,85.965,INTERMEDIATE,22.0,6.0
LEC,86.939,INTERMEDIATE,23.0,6.0
STR,99.562,HARD,2.0,17.0
STR,79.989,HARD,3.0,17.0
STR,79.928,HARD,4.0,17.0
STR,79.998,HARD,5.0,17.0
STR,80.438,HARD,6.0,17.0
STR,79.785,HARD,7.0,17.0
STR,79.417,HARD,8.0,17.0
STR,78.733,HARD,9.0,17.0
STR,78.659,HARD,10.0,17.0
STR,79.893,HARD,11.0,17.0
STR,79.758,HARD,12.0,17.0
STR,80.639,HARD,13.0,17.0
STR,80.847,HARD,14.0,17.0
STR,80.295,HARD,15.0,17.0
STR,80.203,HARD,16.0,17.0
STR,80.545,HARD,17.0,17.0
STR,81.17,HARD,18.0,16.0
STR,77.769,HARD,19.0,15.0
STR,77.915,HARD,20.0,15.0
STR,78.061,HARD,21.0,15.0
STR,78.594,HARD,22.0,15.0
STR,78.548,HARD,23.0,15.0
STR,78.927,HARD,24.0,15.0
STR,78.439,HARD,25.0,15.0
STR,79.058,HARD,26.0,15.0
STR,78.926,HARD,27.0,15.0
STR,79.772,HARD,28.0,15.0
STR,79.86,HARD,29.0,15.0
STR,79.831,HARD,30.0,15.0
STR,79.86,HARD,31.0,15.0
STR,81.753,HARD,32.0,16.0
STR,79.387,HARD,33.0,16.0
STR,80.446,HARD,34.0,15.0
STR,78.583,HARD,35.0,15.0
STR,81.072,HARD,36.0,15.0
STR,79.544,HARD,37.0,15.0
STR,78.76,HARD,38.0,15.0
STR,78.424,HARD,39.0,15.0
STR,78.498,HARD,40.0,15.0
STR,78.498,HARD,41.0,15.0
STR,78.574,HARD,42.0,15.0
STR,78.732,HARD,43.0,15.0
STR,78.898,HARD,44.0,15.0
STR,78.533,HARD,45.0,15.0
STR,78.374,HARD,46.0,15.0
STR,78.723,HARD,47.0,15.0
STR,79.033,HARD,48.0,15.0
STR,78.573,HARD,49.0,15.0
STR,78.418,HARD,50.0,15.0
STR,80.218,HARD,51.0,15.0
STR,104.501,HARD,52.0,19.0
STR,92.189,INTERMEDIATE,1.0,17.0
STR,96.321,INTERMEDIATE,2.0,16.0
SAR,97.689,MEDIUM,1.0,15.0
SAR,79.658,MEDIUM,2.0,15.0
SAR,80.219,MEDIUM,3.0,15.0
SAR,80.246,MEDIUM,4.0,15.0
SAR,80.214,MEDIUM,5.0,15.0
SAR,79.312,MEDIUM,6.0,15.0
SAR,79.239,MEDIUM,7.0,15.0
SAR,78.947,MEDIUM,8.0,15.0
SAR,79.529,MEDIUM,9.0,15.0
SAR,80.334,MEDIUM,10.0,15.0
SAR,80.089,MEDIUM,11.0,15.0
SAR,80.638,MEDIUM,12.0,15.0
SAR,80.702,MEDIUM,13.0,15.0
SAR,80.318,MEDIUM,14.0,15.0
SAR,80.28,MEDIUM,15.0,15.0
SAR,80.471,MEDIUM,16.0,15.0
SAR,83.236,MEDIUM,17.0,18.0
SAR,81.41,MEDIUM,18.0,17.0
SAR,82.328,MEDIUM,19.0,18.0
SAR,97.211,MEDIUM,20.0,20.0
SAR,81.646,HARD,1.0,20.0
SAR,77.483,HARD,2.0,20.0
SAR,98.195,HARD,3.0,20.0
SAR,80.682,SOFT,1.0,20.0
SAR,77.894,SOFT,2.0,20.0
SAR,78.033,SOFT,3.0,20.0
SAR,77.875,SOFT,4.0,20.0
SAR,77.74,SOFT,5.0,20.0
SAR,77.753,SOFT,6.0,20.0
SAR,77.535,SOFT,7.0,20.0
SAR,77.493,SOFT,8.0,20.0
SAR,77.302,SOFT,9.0,20.0
SAR,77.344,SOFT,10.0,20.0
SAR,77.666,SOFT,11.0,20.0
SAR,78.638,SOFT,12.0,20.0
SAR,77.372,SOFT,13.0,20.0
SAR,77.383,SOFT,14.0,20.0
SAR,80.017,SOFT,15.0,20.0
SAR,81.035,SOFT,16.0,20.0
SAR,79.469,SOFT,17.0,20.0
SAR,78.519,SOFT,18.0,20.0
SAR,78.625,SOFT,19.0,20.0
SAR,78.773,SOFT,20.0,20.0
SAR,82.125,SOFT,21.0,20.0
SAR,79.618,SOFT,22.0,20.0
SAR,79.028,SOFT,23.0,20.0
SAR,78.91,SOFT,24.0,20.0
SAR,79.212,SOFT,25.0,20.0
SAR,82.128,SOFT,26.0,20.0
SAR,83.12,SOFT,27.0,20.0
SAR,92.385,SOFT,28.0,20.0
SAR,117.918,SOFT,29.0,20.0
SAR,102.041,INTERMEDIATE,1.0,20.0
SAR,98.806,INTERMEDIATE,2.0,19.0
SAR,101.078,INTERMEDIATE,3.0,19.0
SAR,102.285,INTERMEDIATE,4.0,18.0
SAR,118.063,INTERMEDIATE,5.0,18.0
SAR,102.599,INTERMEDIATE,6.0,18.0
SAR,103.687,INTERMEDIATE,7.0,18.0
SAR,102.558,INTERMEDIATE,8.0,18.0
SAR,100.969,INTERMEDIATE,9.0,18.0
SAR,99.586,INTERMEDIATE,10.0,18.0
SAR,103.289,INTERMEDIATE,11.0,18.0
SAR,98.302,INTERMEDIATE,12.0,18.0
SAR,98.073,INTERMEDIATE,13.0,18.0
SAR,96.293,INTERMEDIATE,14.0,18.0
SAR,99.467,INTERMEDIATE,15.0,18.0
SAR,91.921,INTERMEDIATE,16.0,18.0
SAR,93.193,INTERMEDIATE,17.0,18.0
SAR,118.263,INTERMEDIATE,18.0,18.0
SAR,89.015,INTERMEDIATE,19.0,18.0
SAR,92.354,INTERMEDIATE,20.0,18.0
SAR,87.137,INTERMEDIATE,21.0,18.0
SAR,87.954,INTERMEDIATE,22.0,18.0
SAR,87.968,INTERMEDIATE,23.0,18.0
SAR,89.076,INTERMEDIATE,24.0,18.0
MAG,98.425,HARD,1.0,16.0
MAG,80.175,HARD,2.0,16.0
MAG,79.929,HARD,3.0,16.0
MAG,80.407,HARD,4.0,16.0
MAG,80.224,HARD,5.0,16.0
MAG,79.352,HARD,6.0,16.0
MAG,79.512,HARD,7.0,16.0
MAG,79.052,HARD,8.0,16.0
MAG,78.914,HARD,9.0,16.0
MAG,79.929,HARD,10.0,16.0
MAG,79.824,HARD,11.0,16.0
MAG,80.487,HARD,12.0,16.0
MAG,80.886,HARD,13.0,16.0
MAG,80.328,HARD,14.0,16.0
MAG,80.287,HARD,15.0,16.0
MAG,80.464,HARD,16.0,16.0
MAG,79.206,HARD,17.0,15.0
MAG,78.727,HARD,18.0,14.0
MAG,78.445,HARD,19.0,14.0
MAG,78.354,HARD,20.0,14.0
MAG,78.8,HARD,21.0,14.0
MAG,78.767,HARD,22.0,14.0
MAG,78.926,HARD,23.0,14.0
MAG,78.497,HARD,24.0,14.0
MAG,78.694,HARD,25.0,14.0
MAG,79.023,HARD,26.0,14.0
MAG,79.849,HARD,27.0,14.0
MAG,79.768,HARD,28.0,14.0
MAG,79.91,HARD,29.0,14.0
MAG,79.753,HARD,30.0,14.0
MAG,79.276,HARD,31.0,14.0
MAG,81.543,HARD,32.0,14.0
MAG,80.882,HARD,33.0,14.0
MAG,78.747,HARD,34.0,14.0
MAG,79.274,HARD,35.0,14.0
MAG,80.942,HARD,36.0,14.0
MAG,78.849,HARD,37.0,14.0
MAG,78.498,HARD,38.0,14.0
MAG,78.634,HARD,39.0,14.0
MAG,78.508,HARD,40.0,14.0
MAG,78.351,HARD,41.0,14.0
MAG,78.63,HARD,42.0,14.0
MAG,78.522,HARD,43.0,14.0
MAG,78.447,HARD,44.0,14.0
MAG,78.92,HARD,45.0,14.0
MAG,78.384,HARD,46.0,14.0
MAG,78.685,HARD,47.0,14.0
MAG,78.745,HARD,48.0,14.0
MAG,78.854,HARD,49.0,14.0
MAG,80.301,HARD,50.0,14.0
MAG,85.595,HARD,51.0,13.0
MAG,90.696,HARD,52.0,13.0
MAG,98.955,HARD,53.0,12.0
MAG,110.776,HARD,54.0,12.0
MAG,127.055,HARD,55.0,16.0
MAG,108.018,WET,1.0,19.0
MAG,146.648,WET,2.0,19.0
MAG,103.755,WET,3.0,19.0
MAG,100.559,WET,4.0,19.0
MAG,101.219,WET,5.0,19.0
MAG,99.789,WET,6.0,19.0
MAG,100.016,WET,7.0,19.0
MAG,99.995,WET,8.0,19.0
MAG,100.703,WET,9.0,19.0
MAG,97.778,WET,10.0,19.0
MAG,100.088,WET,11.0,19.0
MAG,103.925,WET,12.0,19.0
MAG,99.407,WET,13.0,19.0
MAG,101.853,WET,14.0,19.0
DEV,93.449,MEDIUM,1.0,12.0
DEV,81.764,MEDIUM,2.0,12.0
DEV,80.58,MEDIUM,3.0,12.0
DEV,80.376,MEDIUM,4.0,12.0
DEV,79.79,MEDIUM,5.0,12.0
DEV,79.224,MEDIUM,6.0,12.0
DEV,79.038,MEDIUM,7.0,12.0
DEV,78.743,MEDIUM,8.0,12.0
DEV,79.454,MEDIUM,9.0,12.0
DEV,78.957,MEDIUM,10.0,12.0
DEV,79.07,MEDIUM,11.0,12.0
DEV,80.182,MEDIUM,12.0,12.0
DEV,79.419,MEDIUM,13.0,12.0
DEV,79.479,MEDIUM,14.0,12.0
DEV,79.081,MEDIUM,15.0,12.0
DEV,79.004,MEDIUM,16.0,12.0
DEV,79.182,MEDIUM,17.0,12.0
DEV,79.281,MEDIUM,18.0,12.0
DEV,79.234,MEDIUM,19.0,12.0
DEV,79.188,MEDIUM,20.0,12.0
DEV,79.398,MEDIUM,21.0,12.0
DEV,79.578,MEDIUM,22.0,12.0
DEV,79.699,MEDIUM,23.0,12.0
DEV,80.198,MEDIUM,24.0,12.0
DEV,80.132,MEDIUM,25.0,12.0
DEV,80.163,MEDIUM,26.0,12.0
DEV,80.154,MEDIUM,27.0,12.0
DEV,79.973,MEDIUM,28.0,12.0
DEV,80.009,MEDIUM,29.0,12.0
DEV,79.267,MEDIUM,30.0,12.0
DEV,79.067,MEDIUM,31.0,12.0
DEV,78.941,MEDIUM,32.0,12.0
DEV,79.071,MEDIUM,33.0,12.0
DEV,79.328,MEDIUM,34.0,12.0
DEV,80.911,MEDIUM,35.0,12.0
DEV,79.072,MEDIUM,36.0,12.0
DEV,79.096,MEDIUM,37.0,12.0
DEV,78.75,MEDIUM,38.0,12.0
DEV,80.38,MEDIUM,39.0,12.0
DEV,78.413,MEDIUM,40.0,12.0
DEV,78.207,MEDIUM,41.0,12.0
DEV,77.814,MEDIUM,42.0,12.0
DEV,77.561,MEDIUM,43.0,12.0
DEV,77.646,MEDIUM,44.0,12.0
DEV,77.746,MEDIUM,45.0,12.0
DEV,77.785,MEDIUM,46.0,12.0
DEV,77.579,MEDIUM,47.0,12.0
DEV,77.608,MEDIUM,48.0,12.0
DEV,78.016,MEDIUM,49.0,12.0
DEV,78.497,MEDIUM,50.0,12.0
DEV,84.546,MEDIUM,51.0,12.0
DEV,89.326,MEDIUM,52.0,12.0
DEV,118.795,MEDIUM,53.0,13.0
DEV,107.858,INTERMEDIATE,1.0,13.0
DEV,108.77,INTERMEDIATE,2.0,13.0
DEV,104.129,INTERMEDIATE,3.0,13.0
DEV,106.026,INTERMEDIATE,4.0,13.0
DEV,103.778,INTERMEDIATE,5.0,13.0
DEV,104.385,INTERMEDIATE,6.0,13.0
DEV,102.056,INTERMEDIATE,7.0,13.0
DEV,101.415,INTERMEDIATE,8.0,13.0
DEV,100.276,INTERMEDIATE,9.0,13.0
DEV,100.486,INTERMEDIATE,10.0,13.0
DEV,98.636,INTERMEDIATE,11.0,13.0
DEV,96.475,INTERMEDIATE,12.0,13.0
DEV,95.654,INTERMEDIATE,13.0,13.0
DEV,94.011,INTERMEDIATE,14.0,13.0
DEV,99.526,INTERMEDIATE,15.0,12.0
DEV,91.939,INTERMEDIATE,16.0,12.0
DEV,91.636,INTERMEDIATE,17.0,12.0
DEV,90.107,INTERMEDIATE,18.0,12.0
DEV,90.085,INTERMEDIATE,19.0,12.0
DEV,87.595,INTERMEDIATE,20.0,12.0
DEV,86.478,INTERMEDIATE,21.0,12.0
DEV,86.435,INTERMEDIATE,22.0,12.0
DEV,86.282,INTERMEDIATE,23.0,12.0
DEV,88.038,INTERMEDIATE,24.0,12.0
TSU,91.317,MEDIUM,1.0,9.0
TSU,81.288,MEDIUM,2.0,9.0
TSU,80.281,MEDIUM,3.0,9.0
TSU,80.032,MEDIUM,4.0,9.0
TSU,79.296,MEDIUM,5.0,9.0
TSU,78.73,MEDIUM,6.0,9.0
TSU,78.712,MEDIUM,7.0,9.0
TSU,78.951,MEDIUM,8.0,9.0
TSU,78.859,MEDIUM,9.0,9.0
TSU,78.697,MEDIUM,10.0,9.0
TSU,79.297,MEDIUM,11.0,9.0
TSU,79.627,MEDIUM,12.0,9.0
TSU,78.8,MEDIUM,13.0,9.0
TSU,78.481,MEDIUM,14.0,9.0
TSU,78.439,MEDIUM,15.0,9.0
TSU,78.246,MEDIUM,16.0,9.0
TSU,78.368,MEDIUM,17.0,9.0
TSU,79.026,MEDIUM,18.0,9.0
TSU,78.567,MEDIUM,19.0,9.0
TSU,79.131,MEDIUM,20.0,9.0
TSU,79.26,MEDIUM,21.0,9.0
TSU,79.152,MEDIUM,22.0,9.0
TSU,79.239,MEDIUM,23.0,9.0
TSU,79.314,MEDIUM,24.0,9.0
TSU,79.335,MEDIUM,25.0,9.0
TSU,79.272,MEDIUM,26.0,9.0
TSU,78.465,MEDIUM,27.0,9.0
TSU,78.369,MEDIUM,28.0,9.0
TSU,78.2,MEDIUM,29.0,9.0
TSU,78.335,MEDIUM,30.0,9.0
TSU,78.463,MEDIUM,31.0,9.0
TSU,78.519,MEDIUM,32.0,9.0
TSU,78.457,MEDIUM,33.0,9.0
TSU,78.039,MEDIUM,34.0,9.0
TSU,77.75,MEDIUM,35.0,9.0
TSU,77.68,MEDIUM,36.0,9.0
TSU,77.992,MEDIUM,37.0,9.0
TSU,78.195,MEDIUM,38.0,9.0
TSU,78.338,MEDIUM,39.0,9.0
TSU,78.328,MEDIUM,40.0,9.0
TSU,78.074,MEDIUM,41.0,9.0
TSU,78.189,MEDIUM,42.0,9.0
TSU,78.046,MEDIUM,43.0,9.0
TSU,78.0,MEDIUM,44.0,9.0
TSU,77.879,MEDIUM,45.0,9.0
TSU,77.956,MEDIUM,46.0,9.0
TSU,78.169,MEDIUM,47.0,9.0
TSU,78.098,MEDIUM,48.0,9.0
TSU,78.32,MEDIUM,49.0,9.0
TSU,78.64,MEDIUM,50.0,9.0
TSU,83.804,MEDIUM,51.0,9.0
TSU,92.268,MEDIUM,52.0,9.0
TSU,125.687,MEDIUM,53.0,11.0
TSU,101.01,INTERMEDIATE,1.0,9.0
TSU,101.834,INTERMEDIATE,2.0,9.0
TSU,102.479,INTERMEDIATE,3.0,9.0
TSU,102.945,INTERMEDIATE,4.0,9.0
TSU,105.898,INTERMEDIATE,5.0,9.0
TSU,102.608,INTERMEDIATE,6.0,9.0
TSU,103.593,INTERMEDIATE,7.0,9.0
TSU,102.234,INTERMEDIATE,8.0,9.0
TSU,100.84,INTERMEDIATE,9.0,9.0
TSU,99.932,INTERMEDIATE,10.0,9.0
TSU,103.104,INTERMEDIATE,11.0,9.0
TSU,98.497,INTERMEDIATE,12.0,9.0
TSU,97.427,INTERMEDIATE,13.0,9.0
TSU,97.623,INTERMEDIATE,14.0,10.0
TSU,137.012,INTERMEDIATE,15.0,13.0
TSU,100.44,INTERMEDIATE,16.0,15.0
TSU,93.923,INTERMEDIATE,17.0,15.0
TSU,91.757,INTERMEDIATE,18.0,15.0
TSU,89.958,INTERMEDIATE,19.0,15.0
TSU,88.138,INTERMEDIATE,20.0,15.0
TSU,88.759,INTERMEDIATE,21.0,15.0
TSU,87.332,INTERMEDIATE,22.0,15.0
TSU,94.205,INTERMEDIATE,23.0,15.0
ALB,94.616,MEDIUM,1.0,13.0
ALB,80.977,MEDIUM,2.0,13.0
ALB,80.703,MEDIUM,3.0,13.0
ALB,80.276,MEDIUM,4.0,13.0
ALB,79.967,MEDIUM,5.0,13.0
ALB,79.165,MEDIUM,6.0,13.0
ALB,79.055,MEDIUM,7.0,13.0
ALB,78.796,MEDIUM,8.0,13.0
ALB,79.293,MEDIUM,9.0,13.0
ALB,79.338,MEDIUM,10.0,13.0
ALB,79.278,MEDIUM,11.0,13.0
ALB,80.31,MEDIUM,12.0,13.0
ALB,79.885,MEDIUM,13.0,13.0
ALB,80.259,MEDIUM,14.0,13.0
ALB,80.892,MEDIUM,15.0,13.0
ALB,80.443,MEDIUM,16.0,13.0
ALB,80.624,MEDIUM,17.0,13.0
ALB,98.414,MEDIUM,18.0,20.0
ALB,83.193,HARD,1.0,20.0
ALB,78.47,HARD,2.0,19.0
ALB,77.131,HARD,3.0,19.0
ALB,77.105,HARD,4.0,19.0
ALB,77.064,HARD,5.0,19.0
ALB,76.672,HARD,6.0,19.0
ALB,76.793,HARD,7.0,19.0
ALB,76.962,HARD,8.0,19.0
ALB,77.36,HARD,9.0,19.0
ALB,78.528,HARD,10.0,19.0
ALB,78.952,HARD,11.0,19.0
ALB,79.457,HARD,12.0,19.0
ALB,79.152,HARD,13.0,19.0
ALB,79.589,HARD,14.0,19.0
ALB,81.559,HARD,15.0,19.0
ALB,80.731,HARD,16.0,18.0
ALB,78.619,HARD,17.0,18.0
ALB,78.804,HARD,18.0,18.0
ALB,79.143,HARD,19.0,18.0
ALB,78.633,HARD,20.0,18.0
ALB,78.774,HARD,21.0,18.0
ALB,78.476,HARD,22.0,18.0
ALB,78.825,HARD,23.0,18.0
ALB,78.93,HARD,24.0,18.0
ALB,78.486,HARD,25.0,18.0
ALB,78.767,HARD,26.0,18.0
ALB,78.829,HARD,27.0,18.0
ALB,78.9,HARD,28.0,18.0
ALB,78.528,HARD,29.0,18.0
ALB,78.882,HARD,30.0,18.0
ALB,80.597,HARD,31.0,18.0
ALB,80.166,HARD,32.0,18.0
ALB,89.941,HARD,33.0,16.0
ALB,115.852,HARD,34.0,19.0
ALB,96.281,INTERMEDIATE,1.0,18.0
ALB,98.297,INTERMEDIATE,2.0,16.0
ALB,105.721,INTERMEDIATE,3.0,15.0
ALB,104.909,INTERMEDIATE,4.0,15.0
ALB,102.2,INTERMEDIATE,5.0,15.0
ALB,106.101,INTERMEDIATE,6.0,15.0
ALB,103.133,INTERMEDIATE,7.0,15.0
ALB,115.401,INTERMEDIATE,8.0,15.0
ALB,101.209,INTERMEDIATE,9.0,15.0
ALB,99.897,INTERMEDIATE,10.0,15.0
ALB,98.649,INTERMEDIATE,11.0,15.0
ALB,97.428,INTERMEDIATE,12.0,15.0
ALB,95.42,INTERMEDIATE,13.0,15.0
ALB,94.016,INTERMEDIATE,14.0,15.0
ALB,93.223,INTERMEDIATE,15.0,15.0
ALB,93.322,INTERMEDIATE,16.0,15.0
ALB,94.087,INTERMEDIATE,17.0,14.0
ALB,90.63,INTERMEDIATE,18.0,14.0
ALB,89.729,INTERMEDIATE,19.0,14.0
ALB,89.217,INTERMEDIATE,20.0,14.0
ALB,92.141,INTERMEDIATE,21.0,14.0
ALB,88.241,INTERMEDIATE,22.0,14.0
ALB,87.197,INTERMEDIATE,23.0,14.0
ALB,86.764,INTERMEDIATE,24.0,14.0
ALB,87.816,INTERMEDIATE,25.0,14.0
ZHO,118.785,SOFT,1.0,19.0
ZHO,80.757,HARD,1.0,19.0
ZHO,77.003,HARD,2.0,19.0
ZHO,76.946,HARD,3.0,19.0
ZHO,76.926,HARD,4.0,19.0
ZHO,77.205,HARD,5.0,19.0
ZHO,77.408,HARD,6.0,19.0
ZHO,77.254,HARD,7.0,19.0
ZHO,77.523,HARD,8.0,19.0
ZHO,78.449,HARD,9.0,19.0
ZHO,79.602,HARD,10.0,19.0
ZHO,80.319,HARD,11.0,19.0
ZHO,80.561,HARD,12.0,19.0
ZHO,80.653,HARD,13.0,19.0
ZHO,80.398,HARD,14.0,19.0
ZHO,80.727,HARD,15.0,19.0
ZHO,80.669,HARD,16.0,19.0
ZHO,81.524,HARD,17.0,18.0
ZHO,82.387,HARD,18.0,19.0
ZHO,80.574,HARD,19.0,18.0
ZHO,78.245,HARD,20.0,18.0
ZHO,77.588,HARD,21.0,18.0
ZHO,77.45,HARD,22.0,18.0
ZHO,77.465,HARD,23.0,18.0
ZHO,77.771,HARD,24.0,18.0
ZHO,78.161,HARD,25.0,18.0
ZHO,78.097,HARD,26.0,18.0
ZHO,80.78,HARD,27.0,18.0
ZHO,78.863,HARD,28.0,18.0
ZHO,79.5,HARD,29.0,18.0
ZHO,79.192,HARD,30.0,18.0
ZHO,79.626,HARD,31.0,18.0
ZHO,81.602,HARD,32.0,18.0
ZHO,80.587,HARD,33.0,17.0
ZHO,78.586,HARD,34.0,17.0
ZHO,78.846,HARD,35.0,17.0
ZHO,79.099,HARD,36.0,17.0
ZHO,78.681,HARD,37.0,17.0
ZHO,78.659,HARD,38.0,17.0
ZHO,78.607,HARD,39.0,17.0
ZHO,78.831,HARD,40.0,17.0
ZHO,78.666,HARD,41.0,17.0
ZHO,78.701,HARD,42.0,17.0
ZHO,78.721,HARD,43.0,17.0
ZHO,78.762,HARD,44.0,17.0
ZHO,78.66,HARD,45.0,17.0
ZHO,78.809,HARD,46.0,17.0
ZHO,78.947,HARD,47.0,17.0
ZHO,79.065,HARD,48.0,17.0
ZHO,81.664,HARD,49.0,17.0
ZHO,90.253,HARD,50.0,15.0
ZHO,111.997,HARD,51.0,18.0
ZHO,96.935,INTERMEDIATE,1.0,17.0
ZHO,100.446,INTERMEDIATE,2.0,15.0
ZHO,106.545,INTERMEDIATE,3.0,14.0
ZHO,101.908,INTERMEDIATE,4.0,14.0
ZHO,104.702,INTERMEDIATE,5.0,14.0
ZHO,105.564,INTERMEDIATE,6.0,14.0
ZHO,103.592,INTERMEDIATE,7.0,14.0
ZHO,101.62,INTERMEDIATE,8.0,14.0
ZHO,101.501,INTERMEDIATE,9.0,14.0
ZHO,100.987,INTERMEDIATE,10.0,14.0
ZHO,100.738,INTERMEDIATE,11.0,14.0
ZHO,102.573,INTERMEDIATE,12.0,14.0
ZHO,99.444,INTERMEDIATE,13.0,14.0
ZHO,94.287,INTERMEDIATE,14.0,14.0
ZHO,93.464,INTERMEDIATE,15.0,14.0
ZHO,94.679,INTERMEDIATE,16.0,14.0
ZHO,93.879,INTERMEDIATE,17.0,13.0
ZHO,90.405,INTERMEDIATE,18.0,13.0
ZHO,89.336,INTERMEDIATE,19.0,13.0
ZHO,87.964,INTERMEDIATE,20.0,13.0
ZHO,90.119,INTERMEDIATE,21.0,13.0
ZHO,88.049,INTERMEDIATE,22.0,13.0
ZHO,86.612,INTERMEDIATE,23.0,13.0
ZHO,85.717,INTERMEDIATE,24.0,13.0
ZHO,86.615,INTERMEDIATE,25.0,13.0
HUL,120.092,MEDIUM,1.0,20.0
HUL,80.434,HARD,1.0,20.0
HUL,77.221,HARD,2.0,20.0
HUL,77.148,HARD,3.0,20.0
HUL,77.045,HARD,4.0,20.0
HUL,76.991,HARD,5.0,20.0
HUL,77.333,HARD,6.0,20.0
HUL,77.237,HARD,7.0,20.0
HUL,77.433,HARD,8.0,20.0
HUL,78.028,HARD,9.0,20.0
HUL,79.596,HARD,10.0,20.0
HUL,80.164,HARD,11.0,20.0
HUL,80.824,HARD,12.0,20.0
HUL,81.254,HARD,13.0,20.0
HUL,80.972,HARD,14.0,20.0
HUL,80.281,HARD,15.0,20.0
HUL,80.171,HARD,16.0,20.0
HUL,81.166,HARD,17.0,19.0
HUL,79.836,HARD,18.0,17.0
HUL,77.642,HARD,19.0,17.0
HUL,77.201,HARD,20.0,17.0
HUL,77.845,HARD,21.0,17.0
HUL,78.009,HARD,22.0,17.0
HUL,78.363,HARD,23.0,17.0
HUL,78.23,HARD,24.0,17.0
HUL,78.664,HARD,25.0,17.0
HUL,78.956,HARD,26.0,17.0
HUL,79.589,HARD,27.0,17.0
HUL,81.412,HARD,28.0,17.0
HUL,78.92,HARD,29.0,17.0
HUL,79.756,HARD,30.0,17.0
HUL,79.708,HARD,31.0,17.0
HUL,81.348,HARD,32.0,17.0
HUL,80.956,HARD,33.0,16.0
HUL,78.327,HARD,34.0,16.0
HUL,79.148,HARD,35.0,16.0
HUL,79.009,HARD,36.0,16.0
HUL,78.602,HARD,37.0,16.0
HUL,78.557,HARD,38.0,16.0
HUL,78.692,HARD,39.0,16.0
HUL,78.606,HARD,40.0,16.0
HUL,78.838,HARD,41.0,16.0
HUL,78.991,HARD,42.0,16.0
HUL,78.467,HARD,43.0,16.0
HUL,78.751,HARD,44.0,16.0
HUL,78.608,HARD,45.0,16.0
HUL,78.857,HARD,46.0,16.0
HUL,78.789,HARD,47.0,16.0
HUL,79.036,HARD,48.0,16.0
HUL,80.238,HARD,49.0,16.0
HUL,88.292,HARD,50.0,14.0
HUL,91.149,HARD,51.0,14.0
HUL,100.881,HARD,52.0,14.0
HUL,139.643,HARD,53.0,18.0
HUL,104.22,INTERMEDIATE,1.0,18.0
HUL,103.79,INTERMEDIATE,2.0,17.0
HUL,102.598,INTERMEDIATE,3.0,16.0
HUL,102.188,INTERMEDIATE,4.0,16.0
HUL,119.463,INTERMEDIATE,5.0,17.0
HUL,102.782,WET,1.0,17.0
HUL,99.565,WET,2.0,17.0
HUL,98.291,WET,3.0,17.0
HUL,97.973,WET,4.0,17.0
HUL,97.628,WET,5.0,17.0
HUL,96.647,WET,6.0,17.0
HUL,96.301,WET,7.0,17.0
HUL,95.656,WET,8.0,17.0
HUL,96.655,WET,9.0,17.0
HUL,95.297,WET,10.0,17.0
HUL,100.947,WET,11.0,16.0
HUL,93.744,WET,12.0,16.0
HUL,92.994,WET,13.0,16.0
HUL,93.111,WET,14.0,16.0
HUL,94.924,WET,15.0,16.0
HUL,94.146,WET,16.0,16.0
HUL,90.26,WET,17.0,16.0
OCO,86.639,MEDIUM,1.0,3.0
OCO,80.301,MEDIUM,2.0,3.0
OCO,79.704,MEDIUM,3.0,3.0
OCO,79.314,MEDIUM,4.0,3.0
OCO,79.041,MEDIUM,5.0,3.0
OCO,78.731,MEDIUM,6.0,3.0
OCO,78.782,MEDIUM,7.0,3.0
OCO,78.533,MEDIUM,8.0,3.0
OCO,78.594,MEDIUM,9.0,3.0
OCO,78.46,MEDIUM,10.0,3.0
OCO,78.271,MEDIUM,11.0,3.0
OCO,78.515,MEDIUM,12.0,3.0
OCO,78.025,MEDIUM,13.0,3.0
OCO,78.055,MEDIUM,14.0,3.0
OCO,78.018,MEDIUM,15.0,3.0
OCO,77.948,MEDIUM,16.0,3.0
OCO,78.372,MEDIUM,17.0,3.0
OCO,78.22,MEDIUM,18.0,3.0
OCO,78.074,MEDIUM,19.0,3.0
OCO,78.087,MEDIUM,20.0,3.0
OCO,78.161,MEDIUM,21.0,3.0
OCO,78.057,MEDIUM,22.0,3.0
OCO,77.873,MEDIUM,23.0,3.0
OCO,77.498,MEDIUM,24.0,3.0
OCO,77.451,MEDIUM,25.0,3.0
OCO,77.433,MEDIUM,26.0,3.0
OCO,77.145,MEDIUM,27.0,3.0
OCO,76.938,MEDIUM,28.0,3.0
OCO,77.179,MEDIUM,29.0,3.0
OCO,77.334,MEDIUM,30.0,3.0
OCO,77.331,MEDIUM,31.0,3.0
OCO,94.668,MEDIUM,32.0,7.0
OCO,79.289,HARD,1.0,7.0
OCO,76.95,HARD,2.0,6.0
OCO,77.095,HARD,3.0,6.0
OCO,77.304,HARD,4.0,6.0
OCO,77.14,HARD,5.0,6.0
OCO,77.048,HARD,6.0,6.0
OCO,77.169,HARD,7.0,6.0
OCO,77.025,HARD,8.0,6.0
OCO,76.528,HARD,9.0,6.0
OCO,77.01,HARD,10.0,6.0
OCO,77.002,HARD,11.0,6.0
OCO,77.033,HARD,12.0,5.0
OCO,77.271,HARD,13.0,5.0
OCO,76.775,HARD,14.0,5.0
OCO,76.962,HARD,15.0,4.0
OCO,76.968,HARD,16.0,4.0
OCO,77.09,HARD,17.0,4.0
OCO,77.836,HARD,18.0,4.0
OCO,79.453,HARD,19.0,4.0
OCO,86.99,HARD,20.0,4.0
OCO,89.909,HARD,21.0,4.0
OCO,114.547,HARD,22.0,6.0
OCO,102.379,INTERMEDIATE,1.0,3.0
OCO,101.755,INTERMEDIATE,2.0,3.0
OCO,102.554,INTERMEDIATE,3.0,3.0
OCO,103.729,INTERMEDIATE,4.0,3.0
OCO,105.002,INTERMEDIATE,5.0,3.0
OCO,102.527,INTERMEDIATE,6.0,3.0
OCO,102.63,INTERMEDIATE,7.0,3.0
OCO,102.139,INTERMEDIATE,8.0,3.0
OCO,101.123,INTERMEDIATE,9.0,3.0
OCO,100.375,INTERMEDIATE,10.0,3.0
OCO,97.029,INTERMEDIATE,11.0,3.0
OCO,95.456,INTERMEDIATE,12.0,3.0
OCO,94.457,INTERMEDIATE,13.0,3.0
OCO,93.484,INTERMEDIATE,14.0,3.0
OCO,92.501,INTERMEDIATE,15.0,3.0
OCO,90.3,INTERMEDIATE,16.0,3.0
OCO,90.027,INTERMEDIATE,17.0,3.0
OCO,89.541,INTERMEDIATE,18.0,3.0
OCO,87.666,INTERMEDIATE,19.0,3.0
OCO,86.712,INTERMEDIATE,20.0,3.0
OCO,85.133,INTERMEDIATE,21.0,3.0
OCO,84.834,INTERMEDIATE,22.0,3.0
OCO,86.24,INTERMEDIATE,23.0,3.0
OCO,84.231,INTERMEDIATE,24.0,3.0
NOR,92.034,MEDIUM,1.0,10.0
NOR,81.61,MEDIUM,2.0,10.0
NOR,80.396,MEDIUM,3.0,10.0
NOR,80.209,MEDIUM,4.0,10.0
NOR,79.502,MEDIUM,5.0,10.0
NOR,79.045,MEDIUM,6.0,10.0
NOR,78.652,MEDIUM,7.0,10.0
NOR,78.651,MEDIUM,8.0,10.0
NOR,79.065,MEDIUM,9.0,10.0
NOR,79.053,MEDIUM,10.0,10.0
NOR,79.148,MEDIUM,11.0,10.0
NOR,80.277,MEDIUM,12.0,10.0
NOR,78.978,MEDIUM,13.0,10.0
NOR,78.856,MEDIUM,14.0,10.0
NOR,78.855,MEDIUM,15.0,10.0
NOR,78.988,MEDIUM,16.0,10.0
NOR,78.937,MEDIUM,17.0,10.0
NOR,79.01,MEDIUM,18.0,10.0
NOR,79.504,MEDIUM,19.0,10.0
NOR,78.985,MEDIUM,20.0,10.0
NOR,79.074,MEDIUM,21.0,10.0
NOR,78.882,MEDIUM,22.0,10.0
NOR,78.657,MEDIUM,23.0,10.0
NOR,78.681,MEDIUM,24.0,10.0
NOR,78.78,MEDIUM,25.0,10.0
NOR,79.067,MEDIUM,26.0,10.0
NOR,79.109,MEDIUM,27.0,10.0
NOR,78.771,MEDIUM,28.0,10.0
NOR,78.906,MEDIUM,29.0,10.0
NOR,78.568,MEDIUM,30.0,10.0
NOR,78.454,MEDIUM,31.0,10.0
NOR,77.914,MEDIUM,32.0,10.0
NOR,78.042,MEDIUM,33.0,10.0
NOR,78.026,MEDIUM,34.0,10.0
NOR,78.192,MEDIUM,35.0,10.0
NOR,78.05,MEDIUM,36.0,10.0
NOR,78.303,MEDIUM,37.0,10.0
NOR,78.214,MEDIUM,38.0,10.0
NOR,78.151,MEDIUM,39.0,10.0
NOR,78.529,MEDIUM,40.0,10.0
NOR,78.409,MEDIUM,41.0,10.0
NOR,78.149,MEDIUM,42.0,10.0
NOR,78.045,MEDIUM,43.0,10.0
NOR,77.991,MEDIUM,44.0,10.0
NOR,77.862,MEDIUM,45.0,10.0
NOR,77.844,MEDIUM,46.0,10.0
NOR,78.234,MEDIUM,47.0,10.0
NOR,78.297,MEDIUM,48.0,10.0
NOR,78.152,MEDIUM,49.0,10.0
NOR,95.974,MEDIUM,50.0,11.0
NOR,87.706,HARD,1.0,11.0
NOR,88.675,HARD,2.0,11.0
NOR,92.162,HARD,3.0,10.0
NOR,132.003,HARD,4.0,11.0
NOR,103.38,INTERMEDIATE,1.0,11.0
NOR,100.384,INTERMEDIATE,2.0,11.0
NOR,100.421,INTERMEDIATE,3.0,11.0
NOR,102.13,INTERMEDIATE,4.0,10.0
NOR,101.216,INTERMEDIATE,5.0,10.0
NOR,101.789,INTERMEDIATE,6.0,10.0
NOR,99.545,INTERMEDIATE,7.0,10.0
NOR,98.893,INTERMEDIATE,8.0,10.0
NOR,98.511,INTERMEDIATE,9.0,10.0
NOR,98.75,INTERMEDIATE,10.0,10.0
NOR,98.818,INTERMEDIATE,11.0,10.0
NOR,96.981,INTERMEDIATE,12.0,10.0
NOR,92.417,INTERMEDIATE,13.0,9.0
NOR,91.037,INTERMEDIATE,14.0,9.0
NOR,90.126,INTERMEDIATE,15.0,9.0
NOR,88.512,INTERMEDIATE,16.0,9.0
NOR,88.373,INTERMEDIATE,17.0,9.0
NOR,85.959,INTERMEDIATE,18.0,9.0
NOR,85.767,INTERMEDIATE,19.0,9.0
NOR,85.471,INTERMEDIATE,20.0,9.0
NOR,85.278,INTERMEDIATE,21.0,9.0
NOR,85.767,INTERMEDIATE,22.0,9.0
NOR,86.888,INTERMEDIATE,23.0,9.0
HAM,88.585,MEDIUM,1.0,5.0
HAM,80.527,MEDIUM,2.0,5.0
HAM,80.105,MEDIUM,3.0,5.0
HAM,79.356,MEDIUM,4.0,5.0
HAM,78.736,MEDIUM,5.0,5.0
HAM,78.958,MEDIUM,6.0,5.0
HAM,78.651,MEDIUM,7.0,5.0
HAM,79.051,MEDIUM,8.0,5.0
HAM,78.829,MEDIUM,9.0,5.0
HAM,78.173,MEDIUM,10.0,5.0
HAM,77.926,MEDIUM,11.0,5.0
HAM,78.23,MEDIUM,12.0,5.0
HAM,78.084,MEDIUM,13.0,5.0
HAM,78.422,MEDIUM,14.0,5.0
HAM,78.189,MEDIUM,15.0,5.0
HAM,78.31,MEDIUM,16.0,5.0
HAM,78.254,MEDIUM,17.0,5.0
HAM,78.37,MEDIUM,18.0,5.0
HAM,78.207,MEDIUM,19.0,5.0
HAM,78.121,MEDIUM,20.0,5.0
HAM,78.311,MEDIUM,21.0,5.0
HAM,77.393,MEDIUM,22.0,5.0
HAM,78.053,MEDIUM,23.0,5.0
HAM,77.431,MEDIUM,24.0,5.0
HAM,77.643,MEDIUM,25.0,5.0
HAM,77.716,MEDIUM,26.0,5.0
HAM,77.322,MEDIUM,27.0,5.0
HAM,77.334,MEDIUM,28.0,5.0
HAM,77.372,MEDIUM,29.0,5.0
HAM,77.742,MEDIUM,30.0,5.0
HAM,95.467,MEDIUM,31.0,8.0
HAM,78.165,HARD,1.0,8.0
HAM,75.65,HARD,2.0,8.0
HAM,78.357,HARD,3.0,8.0
HAM,77.159,HARD,4.0,8.0
HAM,77.688,HARD,5.0,8.0
HAM,77.711,HARD,6.0,8.0
HAM,77.167,HARD,7.0,8.0
HAM,77.293,HARD,8.0,8.0
HAM,76.962,HARD,9.0,8.0
HAM,76.588,HARD,10.0,8.0
HAM,76.58,HARD,11.0,8.0
HAM,76.529,HARD,12.0,8.0
HAM,76.88,HARD,13.0,7.0
HAM,78.833,HARD,14.0,7.0
HAM,76.85,HARD,15.0,7.0
HAM,76.257,HARD,16.0,6.0
HAM,76.86,HARD,17.0,6.0
HAM,76.781,HARD,18.0,6.0
HAM,77.11,HARD,19.0,6.0
HAM,78.294,HARD,20.0,6.0
HAM,86.237,HARD,21.0,6.0
HAM,91.341,HARD,22.0,6.0
HAM,115.141,HARD,23.0,7.0
HAM,99.603,INTERMEDIATE,1.0,4.0
HAM,101.277,INTERMEDIATE,2.0,4.0
HAM,103.278,INTERMEDIATE,3.0,4.0
HAM,103.378,INTERMEDIATE,4.0,4.0
HAM,105.199,INTERMEDIATE,5.0,4.0
HAM,103.041,INTERMEDIATE,6.0,4.0
HAM,102.396,INTERMEDIATE,7.0,4.0
HAM,102.287,INTERMEDIATE,8.0,4.0
HAM,101.315,INTERMEDIATE,9.0,4.0
HAM,98.957,INTERMEDIATE,10.0,4.0
HAM,97.636,INTERMEDIATE,11.0,4.0
HAM,96.203,INTERMEDIATE,12.0,4.0
HAM,94.539,INTERMEDIATE,13.0,4.0
HAM,92.866,INTERMEDIATE,14.0,4.0
HAM,93.757,INTERMEDIATE,15.0,4.0
HAM,89.68,INTERMEDIATE,16.0,4.0
HAM,89.667,INTERMEDIATE,17.0,4.0
HAM,89.415,INTERMEDIATE,18.0,4.0
HAM,87.735,INTERMEDIATE,19.0,4.0
HAM,86.304,INTERMEDIATE,20.0,4.0
HAM,85.242,INTERMEDIATE,21.0,4.0
HAM,84.651,INTERMEDIATE,22.0,4.0
HAM,86.21,INTERMEDIATE,23.0,4.0
HAM,85.105,INTERMEDIATE,24.0,4.0
SAI,87.39,HARD,1.0,4.0
SAI,80.593,HARD,2.0,4.0
SAI,79.958,HARD,3.0,4.0
SAI,79.482,HARD,4.0,4.0
SAI,78.723,HARD,5.0,4.0
SAI,78.764,HARD,6.0,4.0
SAI,78.697,HARD,7.0,4.0
SAI,78.637,HARD,8.0,4.0
SAI,78.306,HARD,9.0,4.0
SAI,78.07,HARD,10.0,4.0
SAI,78.265,HARD,11.0,4.0
SAI,78.947,HARD,12.0,4.0
SAI,78.286,HARD,13.0,4.0
SAI,78.107,HARD,14.0,4.0
SAI,77.883,HARD,15.0,4.0
SAI,78.239,HARD,16.0,4.0
SAI,78.36,HARD,17.0,4.0
SAI,78.178,HARD,18.0,4.0
SAI,77.999,HARD,19.0,4.0
SAI,78.032,HARD,20.0,4.0
SAI,78.006,HARD,21.0,4.0
SAI,78.007,HARD,22.0,4.0
SAI,78.006,HARD,23.0,4.0
SAI,77.912,HARD,24.0,4.0
SAI,77.464,HARD,25.0,4.0
SAI,77.366,HARD,26.0,4.0
SAI,77.318,HARD,27.0,4.0
SAI,77.316,HARD,28.0,4.0
SAI,77.171,HARD,29.0,4.0
SAI,77.22,HARD,30.0,4.0
SAI,77.465,HARD,31.0,4.0
SAI,77.18,HARD,32.0,3.0
SAI,93.612,HARD,33.0,6.0
SAI,80.767,MEDIUM,1.0,7.0
SAI,76.628,MEDIUM,2.0,7.0
SAI,77.979,MEDIUM,3.0,7.0
SAI,77.565,MEDIUM,4.0,7.0
SAI,76.786,MEDIUM,5.0,7.0
SAI,77.175,MEDIUM,6.0,7.0
SAI,77.023,MEDIUM,7.0,7.0
SAI,76.651,MEDIUM,8.0,7.0
SAI,76.467,MEDIUM,9.0,7.0
SAI,76.449,MEDIUM,10.0,7.0
SAI,77.76,MEDIUM,11.0,6.0
SAI,77.146,MEDIUM,12.0,6.0
SAI,77.22,MEDIUM,13.0,6.0
SAI,76.732,MEDIUM,14.0,5.0
SAI,76.561,MEDIUM,15.0,5.0
SAI,77.014,MEDIUM,16.0,5.0
SAI,76.917,MEDIUM,17.0,5.0
SAI,79.013,MEDIUM,18.0,5.0
SAI,86.201,MEDIUM,19.0,5.0
SAI,90.068,MEDIUM,20.0,5.0
SAI,97.315,MEDIUM,21.0,3.0
SAI,139.381,MEDIUM,22.0,8.0
SAI,102.32,INTERMEDIATE,1.0,8.0
SAI,101.192,INTERMEDIATE,2.0,8.0
SAI,103.462,INTERMEDIATE,3.0,8.0
SAI,102.82,INTERMEDIATE,4.0,8.0
SAI,103.041,INTERMEDIATE,5.0,8.0
SAI,102.633,INTERMEDIATE,6.0,8.0
SAI,100.78,INTERMEDIATE,7.0,8.0
SAI,99.899,INTERMEDIATE,8.0,8.0
SAI,99.306,INTERMEDIATE,9.0,8.0
SAI,97.838,INTERMEDIATE,10.0,8.0
SAI,96.238,INTERMEDIATE,11.0,8.0
SAI,94.999,INTERMEDIATE,12.0,8.0
SAI,93.322,INTERMEDIATE,13.0,8.0
SAI,95.394,INTERMEDIATE,14.0,8.0
SAI,92.13,INTERMEDIATE,15.0,8.0
SAI,89.92,INTERMEDIATE,16.0,8.0
SAI,89.849,INTERMEDIATE,17.0,8.0
SAI,87.84,INTERMEDIATE,18.0,8.0
SAI,88.585,INTERMEDIATE,19.0,8.0
SAI,86.388,INTERMEDIATE,20.0,8.0
SAI,85.776,INTERMEDIATE,21.0,8.0
SAI,85.579,INTERMEDIATE,22.0,8.0
SAI,86.283,INTERMEDIATE,23.0,8.0
RUS,90.387,HARD,1.0,8.0
RUS,81.155,HARD,2.0,8.0
RUS,80.291,HARD,3.0,8.0
RUS,80.03,HARD,4.0,8.0
RUS,78.84,HARD,5.0,8.0
RUS,78.945,HARD,6.0,8.0
RUS,78.583,HARD,7.0,8.0
RUS,78.99,HARD,8.0,8.0
RUS,79.025,HARD,9.0,8.0
RUS,78.566,HARD,10.0,8.0
RUS,78.483,HARD,11.0,8.0
RUS,78.459,HARD,12.0,8.0
RUS,77.787,HARD,13.0,8.0
RUS,78.286,HARD,14.0,8.0
RUS,78.531,HARD,15.0,8.0
RUS,78.502,HARD,16.0,8.0
RUS,78.244,HARD,17.0,8.0
RUS,78.229,HARD,18.0,8.0
RUS,78.299,HARD,19.0,8.0
RUS,78.32,HARD,20.0,8.0
RUS,78.086,HARD,21.0,8.0
RUS,77.879,HARD,22.0,8.0
RUS,78.111,HARD,23.0,8.0
RUS,77.709,HARD,24.0,8.0
RUS,77.648,HARD,25.0,8.0
RUS,77.9,HARD,26.0,8.0
RUS,77.837,HARD,27.0,8.0
RUS,77.353,HARD,28.0,8.0
RUS,77.332,HARD,29.0,8.0
RUS,77.3,HARD,30.0,8.0
RUS,77.404,HARD,31.0,7.0
RUS,77.474,HARD,32.0,6.0
RUS,77.556,HARD,33.0,5.0
RUS,77.569,HARD,34.0,5.0
RUS,77.568,HARD,35.0,5.0
RUS,77.111,HARD,36.0,5.0
RUS,77.335,HARD,37.0,5.0
RUS,77.195,HARD,38.0,5.0
RUS,77.339,HARD,39.0,5.0
RUS,77.215,HARD,40.0,5.0
RUS,77.323,HARD,41.0,5.0
RUS,77.979,HARD,42.0,5.0
RUS,77.847,HARD,43.0,5.0
RUS,77.967,HARD,44.0,4.0
RUS,77.545,HARD,45.0,4.0
RUS,77.068,HARD,46.0,4.0
RUS,77.06,HARD,47.0,3.0
RUS,76.798,HARD,48.0,3.0
RUS,77.223,HARD,49.0,3.0
RUS,77.635,HARD,50.0,3.0
RUS,79.64,HARD,51.0,3.0
RUS,84.754,HARD,52.0,3.0
RUS,88.625,HARD,53.0,3.0
RUS,117.545,HARD,54.0,5.0
RUS,115.804,INTERMEDIATE,1.0,5.0
RUS,101.302,INTERMEDIATE,2.0,5.0
RUS,103.554,INTERMEDIATE,3.0,5.0
RUS,102.155,INTERMEDIATE,4.0,5.0
RUS,103.463,INTERMEDIATE,5.0,5.0
RUS,103.53,INTERMEDIATE,6.0,5.0
RUS,101.329,INTERMEDIATE,7.0,5.0
RUS,101.104,INTERMEDIATE,8.0,5.0
RUS,99.713,INTERMEDIATE,9.0,5.0
RUS,98.229,INTERMEDIATE,10.0,5.0
RUS,96.696,INTERMEDIATE,11.0,5.0
RUS,95.991,INTERMEDIATE,12.0,5.0
RUS,94.751,INTERMEDIATE,13.0,5.0
RUS,93.647,INTERMEDIATE,14.0,5.0
RUS,93.734,INTERMEDIATE,15.0,5.0
RUS,90.929,INTERMEDIATE,16.0,5.0
RUS,90.709,INTERMEDIATE,17.0,5.0
RUS,90.012,INTERMEDIATE,18.0,5.0
RUS,88.921,INTERMEDIATE,19.0,5.0
RUS,87.787,INTERMEDIATE,20.0,5.0
RUS,86.399,INTERMEDIATE,21.0,5.0
RUS,85.436,INTERMEDIATE,22.0,5.0
RUS,86.978,INTERMEDIATE,23.0,5.0
RUS,87.209,INTERMEDIATE,24.0,5.0
BOT,96.914,HARD,1.0,14.0
BOT,80.021,HARD,2.0,14.0
BOT,80.142,HARD,3.0,14.0
BOT,80.341,HARD,4.0,14.0
BOT,80.022,HARD,5.0,14.0
BOT,79.165,HARD,6.0,14.0
BOT,79.167,HARD,7.0,14.0
BOT,78.774,HARD,8.0,14.0
BOT,79.007,HARD,9.0,14.0
BOT,79.527,HARD,10.0,14.0
BOT,79.38,HARD,11.0,14.0
BOT,80.206,HARD,12.0,14.0
BOT,79.511,HARD,13.0,14.0
BOT,80.067,HARD,14.0,14.0
BOT,80.912,HARD,15.0,14.0
BOT,80.48,HARD,16.0,14.0
BOT,80.577,HARD,17.0,14.0
BOT,78.764,HARD,18.0,13.0
BOT,77.824,HARD,19.0,13.0
BOT,78.024,HARD,20.0,13.0
BOT,78.024,HARD,21.0,13.0
BOT,78.26,HARD,22.0,13.0
BOT,78.737,HARD,23.0,13.0
BOT,80.068,HARD,24.0,13.0
BOT,80.203,HARD,25.0,13.0
BOT,80.222,HARD,26.0,13.0
BOT,80.162,HARD,27.0,13.0
BOT,79.853,HARD,28.0,13.0
BOT,80.208,HARD,29.0,13.0
BOT,79.393,HARD,30.0,13.0
BOT,79.021,HARD,31.0,13.0
BOT,79.47,HARD,32.0,13.0
BOT,78.655,HARD,33.0,13.0
BOT,80.226,HARD,34.0,13.0
BOT,79.889,HARD,35.0,13.0
BOT,79.139,HARD,36.0,13.0
BOT,79.112,HARD,37.0,13.0
BOT,80.07,HARD,38.0,13.0
BOT,78.876,HARD,39.0,13.0
BOT,78.968,HARD,40.0,13.0
BOT,78.706,HARD,41.0,13.0
BOT,78.435,HARD,42.0,13.0
BOT,78.685,HARD,43.0,13.0
BOT,78.606,HARD,44.0,13.0
BOT,78.202,HARD,45.0,13.0
BOT,78.153,HARD,46.0,13.0
BOT,78.343,HARD,47.0,13.0
BOT,78.151,HARD,48.0,13.0
BOT,78.383,HARD,49.0,13.0
BOT,79.704,HARD,50.0,13.0
BOT,109.586,HARD,51.0,18.0
BOT,92.154,INTERMEDIATE,1.0,16.0
BOT,92.72,INTERMEDIATE,2.0,15.0
BOT,98.747,INTERMEDIATE,3.0,14.0
BOT,103.627,INTERMEDIATE,4.0,12.0
BOT,100.028,INTERMEDIATE,5.0,12.0
BOT,100.402,INTERMEDIATE,6.0,12.0
BOT,102.952,INTERMEDIATE,7.0,12.0
BOT,102.622,INTERMEDIATE,8.0,12.0
BOT,101.926,INTERMEDIATE,9.0,12.0
BOT,100.096,INTERMEDIATE,10.0,12.0
BOT,99.577,INTERMEDIATE,11.0,12.0
BOT,99.237,INTERMEDIATE,12.0,12.0
BOT,97.459,INTERMEDIATE,13.0,12.0
BOT,96.44,INTERMEDIATE,14.0,12.0
BOT,95.048,INTERMEDIATE,15.0,12.0
BOT,95.077,INTERMEDIATE,16.0,12.0
BOT,94.038,INTERMEDIATE,17.0,11.0
BOT,90.766,INTERMEDIATE,18.0,11.0
BOT,92.495,INTERMEDIATE,19.0,11.0
BOT,91.967,INTERMEDIATE,20.0,11.0
BOT,92.025,INTERMEDIATE,21.0,11.0
BOT,87.23,INTERMEDIATE,22.0,11.0
BOT,86.646,INTERMEDIATE,23.0,11.0
BOT,86.553,INTERMEDIATE,24.0,11.0
BOT,84.637,INTERMEDIATE,25.0,11.0
BOT,84.139,INTERMEDIATE,26.0,11.0
PIA,93.07,HARD,1.0,11.0
PIA,81.804,HARD,2.0,11.0
PIA,80.532,HARD,3.0,11.0
PIA,80.408,HARD,4.0,11.0
PIA,79.707,HARD,5.0,11.0
PIA,79.247,HARD,6.0,11.0
PIA,78.869,HARD,7.0,11.0
PIA,78.828,HARD,8.0,11.0
PIA,79.346,HARD,9.0,11.0
PIA,79.015,HARD,10.0,11.0
PIA,78.9,HARD,11.0,11.0
PIA,80.302,HARD,12.0,11.0
PIA,79.265,HARD,13.0,11.0
PIA,79.285,HARD,14.0,11.0
PIA,79.134,HARD,15.0,11.0
PIA,78.718,HARD,16.0,11.0
PIA,79.053,HARD,17.0,11.0
PIA,78.765,HARD,18.0,11.0
PIA,79.416,HARD,19.0,11.0
PIA,79.281,HARD,20.0,11.0
PIA,79.065,HARD,21.0,11.0
PIA,79.025,HARD,22.0,11.0
PIA,79.52,HARD,23.0,11.0
PIA,79.359,HARD,24.0,11.0
PIA,79.382,HARD,25.0,11.0
PIA,80.198,HARD,26.0,11.0
PIA,79.524,HARD,27.0,11.0
PIA,78.485,HARD,28.0,11.0
PIA,78.335,HARD,29.0,11.0
PIA,78.363,HARD,30.0,11.0
PIA,78.115,HARD,31.0,11.0
PIA,78.39,HARD,32.0,11.0
PIA,78.259,HARD,33.0,11.0
PIA,78.311,HARD,34.0,11.0
PIA,78.328,HARD,35.0,11.0
PIA,77.701,HARD,36.0,11.0
PIA,77.842,HARD,37.0,11.0
PIA,77.73,HARD,38.0,11.0
PIA,77.873,HARD,39.0,11.0
PIA,78.184,HARD,40.0,11.0
PIA,78.555,HARD,41.0,11.0
PIA,78.065,HARD,42.0,11.0
PIA,78.148,HARD,43.0,11.0
PIA,78.041,HARD,44.0,11.0
PIA,77.846,HARD,45.0,11.0
PIA,77.516,HARD,46.0,11.0
PIA,77.513,HARD,47.0,11.0
PIA,78.001,HARD,48.0,11.0
PIA,81.248,HARD,49.0,11.0
PIA,78.201,HARD,50.0,10.0
PIA,83.586,HARD,51.0,10.0
PIA,89.897,HARD,52.0,10.0
PIA,96.843,HARD,53.0,9.0
PIA,131.859,HARD,54.0,10.0
PIA,106.026,INTERMEDIATE,1.0,10.0
PIA,103.482,INTERMEDIATE,2.0,10.0
PIA,103.431,INTERMEDIATE,3.0,10.0
PIA,103.803,INTERMEDIATE,4.0,11.0
PIA,102.379,INTERMEDIATE,5.0,11.0
PIA,101.431,INTERMEDIATE,6.0,11.0
PIA,101.089,INTERMEDIATE,7.0,11.0
PIA,99.78,INTERMEDIATE,8.0,11.0
PIA,98.882,INTERMEDIATE,9.0,11.0
PIA,98.53,INTERMEDIATE,10.0,11.0
PIA,97.419,INTERMEDIATE,11.0,11.0
PIA,94.942,INTERMEDIATE,12.0,11.0
PIA,96.653,INTERMEDIATE,13.0,11.0
PIA,91.909,INTERMEDIATE,14.0,10.0
PIA,91.253,INTERMEDIATE,15.0,10.0
PIA,88.82,INTERMEDIATE,16.0,10.0
PIA,87.67,INTERMEDIATE,17.0,10.0
PIA,88.016,INTERMEDIATE,18.0,10.0
PIA,87.443,INTERMEDIATE,19.0,10.0
PIA,86.185,INTERMEDIATE,20.0,10.0
PIA,86.143,INTERMEDIATE,21.0,10.0
PIA,85.615,INTERMEDIATE,22.0,10.0
PIA,84.785,INTERMEDIATE,23.0,10.0
